exchange,market_type,symbol_raw,leverage_max,price_usd,volume_24h_usd,open_interest_base,open_interest_usd,daily_snapshot
drift,CROSS,1KMEW-USD,4,3.09611,7.578337,18.0,55.72998,2025-09-17
drift,CROSS,1KWEN-USD,4,0.042695,1397.016225,368568.0,15736.01076,2025-09-17
drift,CROSS,1MBONK-USD,10,23.9656,985649.332962,221113.8,5299124.885279999,2025-09-17
drift,CROSS,1MPEPE-USD,4,10.9893,44428.141041,28644.0,314777.50920000003,2025-09-17
drift,CROSS,ADA-USD,10,0.887391,129397.40866,970208.0,860953.847328,2025-09-17
drift,CROSS,AI16Z-USD,4,0.11446,8419.154207,556145.0,63656.356700000004,2025-09-17
drift,CROSS,APT-USD,10,4.458743,76639.866831,94882.0,423054.453326,2025-09-17
drift,CROSS,ARB-USD,10,0.498364,53622.823852,786237.0,391832.21626799996,2025-09-17
drift,CROSS,AVAX-USD,10,30.138927,603371.365729,51251.1,1544653.1615696999,2025-09-17
drift,CROSS,BERA-USD,5,2.326198,18016.938039,103296.7,240288.57694660002,2025-09-17
drift,CROSS,BNB-USD,10,954.586361,40794.66639,335.0,319786.430935,2025-09-17
drift,CROSS,BREAKPOINT-USD,1,1e-06,0.0,0.0,0.0,2025-09-17
drift,CROSS,BTC-USD,101,117304.94776,73451072.32009,879.0297,103114533.03798847,2025-09-17
drift,CROSS,CLOUD-USD,2,0.131174,8122.828991,1510994.0,198203.12695600002,2025-09-17
drift,CROSS,DBR-USD,2,0.024672,0.0,0.0,0.0,2025-09-17
drift,CROSS,DEMOCRATS-USD,1,1e-06,0.0,0.0,0.0,2025-09-17
drift,CROSS,DOGE-USD,10,0.270029,718096.445959,17228402.0,4652168.1636580005,2025-09-17
drift,CROSS,DRIFT-USD,5,0.667825,1832409.633823,6704806.0,4477637.06695,2025-09-17
drift,CROSS,DYM-USD,5,0.242627,0.0,547.0,132.716969,2025-09-17
drift,CROSS,ETH-USD,101,4554.406511,95271877.877787,16619.963,75694067.6997791,2025-09-17
drift,CROSS,FARTCOIN-USD,10,0.846165,604317.038866,2441365.0,2065797.6152249998,2025-09-17
drift,CROSS,FED-USD,1,0.999999,0.0,0.0,0.0,2025-09-17
drift,CROSS,FWOG-USD,4,0.042413,385082.29566,2950822.0,125153.213486,2025-09-17
drift,CROSS,GOAT-USD,4,0.099744,12040.929676,551493.0,55008.117792,2025-09-17
drift,CROSS,HNT-USD,5,2.639754,212414.62008,241615.0,637804.16271,2025-09-17
drift,CROSS,HYPE-USD,10,55.257115,11194585.739826,383426.3,21187031.1531245,2025-09-17
drift,CROSS,INJ-USD,10,13.872094,44460.640403,31502.0,436998.705188,2025-09-17
drift,CROSS,IO-USD,2,0.626765,259.303515,44341.0,27791.386865,2025-09-17
drift,CROSS,IP-USD,5,10.130041,119461.223951,19612.0,198670.364092,2025-09-17
drift,CROSS,JTO-USD,10,1.828274,124196.510767,484596.0,885974.267304,2025-09-17
drift,CROSS,JUP-USD,10,0.512103,1091635.001334,14869923.0,7614932.178068999,2025-09-17
drift,CROSS,KAITO-USD,5,1.134928,3112.410408,35642.0,40451.103775999996,2025-09-17
drift,CROSS,KAMALA-USD,1,1e-06,0.0,0.0,0.0,2025-09-17
drift,CROSS,KMNO-USD,2,0.07082,48672.81468,25931552.0,1836472.5126399999,2025-09-17
drift,CROSS,LANDO-USD,1,0.999999,0.0,0.0,0.0,2025-09-17
drift,CROSS,LAUNCHCOIN-USD,4,0.085262,26685.522013,1865062.0,159018.91624400002,2025-09-17
drift,CROSS,LINK-USD,10,23.594257,610807.143963,103503.5,2442088.1793994997,2025-09-17
drift,CROSS,LNDO-USD,1,1e-06,0.0,0.0,0.0,2025-09-17
drift,CROSS,LTC-USD,10,115.427596,26560.235428,661.64,76371.51461744,2025-09-17
drift,CROSS,ME-USD,5,0.676062,4880.708171,82805.0,55981.313910000004,2025-09-17
drift,CROSS,MELANIA-USD,4,0.198799,64490.753021,391638.8,77857.4018012,2025-09-17
drift,CROSS,MICHI-USD,4,0.026661,0.0,272.0,7.251792,2025-09-17
drift,CROSS,MOODENG-USD,4,0.182081,4014.085679,758278.0,138068.016518,2025-09-17
drift,CROSS,MOTHER-USD,4,0.007938,505709.239737,18753600.0,148866.0768,2025-09-17
drift,CROSS,NBAFINALS25-USD,1,0.999999,0.0,32.0,31.999968,2025-09-17
drift,CROSS,NBAFINALS25-USD,1,1e-06,0.0,108.0,0.000108,2025-09-17
drift,CROSS,OP-USD,10,0.780767,10004.856152,125603.0,98066.677501,2025-09-17
drift,CROSS,PAXG-USD,10,3683.34045,151764.271707,145.829,537137.8544830501,2025-09-17
drift,CROSS,PENGU-USD,5,0.033858,124536.945559,42947474.0,1454115.574692,2025-09-17
drift,CROSS,PNUT-USD,4,0.246079,2.442115,281191.0,69195.20008899999,2025-09-17
drift,CROSS,POL-USD,10,0.257063,7690.988629,151318.0,38898.259033999995,2025-09-17
drift,CROSS,POPCAT-USD,4,0.273464,81122.00207,2484852.0,679517.567328,2025-09-17
drift,CROSS,PUMP-USD,5,0.007914,1686039.232171,305365254.0,2416660.620156,2025-09-17
drift,CROSS,PYTH-USD,10,0.163706,147187.884589,4635934.0,758930.211404,2025-09-17
drift,CROSS,RAY-USD,5,3.254879,98451.063872,309607.0,1007733.322553,2025-09-17
drift,CROSS,RENDER-USD,10,3.874096,166748.843304,122359.0,474030.512464,2025-09-17
drift,CROSS,REPUBLICAN-USD,1,0.999999,0.0,0.0,0.0,2025-09-17
drift,CROSS,RLB-USD,5,0.067019,0.0,500.0,33.509499999999996,2025-09-17
drift,CROSS,SEI-USD,10,0.316484,16142.098802,2478936.0,784543.581024,2025-09-17
drift,CROSS,SOL-USD,101,237.775814,143910762.787623,1580697.64,375851668.0388789,2025-09-17
drift,CROSS,SUI-USD,10,3.626629,2826978.467389,2410307.0,8741289.265103,2025-09-17
drift,CROSS,SUPERBOWL-USD,1,1e-06,0.0,0.0,0.0,2025-09-17
drift,CROSS,SUPERBOWL-USD,1,1e-06,0.0,0.0,0.0,2025-09-17
drift,CROSS,TAO-USD,5,346.834716,75316.395023,1955.44,678214.4770550401,2025-09-17
drift,CROSS,TIA-USD,10,1.720424,11514.848109,204124.0,351179.828576,2025-09-17
drift,CROSS,TNSR-USD,5,0.120502,89370.679942,1753630.0,211315.92226,2025-09-17
drift,CROSS,TON-USD,10,3.143929,4748.361036,41302.0,129850.555558,2025-09-17
drift,CROSS,TRUMP-USD,1,0.999999,0.0,0.0,0.0,2025-09-17
drift,CROSS,TRUMP-USD,10,8.607587,20229.631307,32820.3,282503.58761610003,2025-09-17
drift,CROSS,VRSTPN-USD,1,0.999999,0.0,0.0,0.0,2025-09-17
drift,CROSS,W-USD,5,0.090086,2873.360164,2171472.0,195619.226592,2025-09-17
drift,CROSS,WARWICK-USD,1,1e-06,0.0,0.0,0.0,2025-09-17
drift,CROSS,WIF-USD,10,0.936922,182930.319547,1733078.0,1623758.905916,2025-09-17
drift,CROSS,WLF-USD,1,0.999999,0.0,1068.0,1067.998932,2025-09-17
drift,CROSS,XRP-USD,20,3.034788,562410.04329,918269.0,2786751.741972,2025-09-17
drift,CROSS,ZEX-USD,2,0.077934,0.0,14.0,1.0910760000000002,2025-09-17
dydx,CROSS,1INCH-USD,5,0.2589155064,15366.868,1273170.0,329643.45528328797,2025-09-17
dydx,CROSS,AAVE-USD,10,298.97048524,181966.57,7880.5,2356036.90893382,2025-09-17
dydx,ISOLATED,ACX-USD,5,0.1387565671,0.0,81880.0,11361.387714148,2025-09-17
dydx,CROSS,ADA-USD,10,0.8845871435,268819.903,1586680.0,1403556.72884858,2025-09-17
dydx,ISOLATED,AERGO-USD,20,0.10674612945,9013.401,310300.0,33123.323968335004,2025-09-17
dydx,ISOLATED,AERO-USD,20,1.31569115,20602.416,25526.0,33584.3322949,2025-09-17
dydx,CROSS,AEVO-USD,5,0.095432681,4123.899,269200.0,25690.477725200002,2025-09-17
dydx,CROSS,AGIX-USD,5,0.5984417141,0.0,0.0,0.0,2025-09-17
dydx,ISOLATED,AI16Z-USD,20,0.114172086,0.0,82300.0,9396.3626778,2025-09-17
dydx,ISOLATED,AITECH-USD,20,0.03374753959,0.0,100.0,3.374753959,2025-09-17
dydx,ISOLATED,AIXBT-USD,20,0.1147431719,0.0,142520.0,16353.196859188,2025-09-17
dydx,ISOLATED,AKT-USD,20,1.140696347,12073.293,56591.0,64553.146973077,2025-09-17
dydx,CROSS,ALGO-USD,5,0.2380095047,29849.417,1937510.0,461145.795451297,2025-09-17
dydx,ISOLATED,ALPACA-USD,20,0.0174273164,0.0,0.0,0.0,2025-09-17
dydx,ISOLATED,ALT-USD,20,0.0342443765,0.0,0.0,0.0,2025-09-17
dydx,ISOLATED,AMPL-USD,20,1.2639972,0.0,0.0,0.0,2025-09-17
dydx,CROSS,APE-USD,5,0.584153602,2146.353,224183.0,130957.306957166,2025-09-17
dydx,ISOLATED,API3-USD,20,0.9267816759,0.0,36080.0,33438.282866472,2025-09-17
dydx,CROSS,APT-USD,10,4.45209913,115532.71,73014.0,325065.56587781996,2025-09-17
dydx,ISOLATED,AR-USD,20,6.9425678,99.826,1284.6,8918.42259588,2025-09-17
dydx,CROSS,ARB-USD,10,0.497605946,43431.616,1160915.0,577678.20680059,2025-09-17
dydx,CROSS,ARKM-USD,5,0.62046023,3830.248,15525.0,9632.645070749999,2025-09-17
dydx,CROSS,ASTR-USD,5,0.0235803649,11.376,528350.0,12458.685794915,2025-09-17
dydx,CROSS,ATH-USD,5,0.0664839256,493938.994,459300.0,30536.067028079997,2025-09-17
dydx,CROSS,ATOM-USD,10,4.543111767,56158.34,166157.0,754869.821869419,2025-09-17
dydx,ISOLATED,AURORA-USD,20,0.15936812,0.0,0.0,0.0,2025-09-17
dydx,CROSS,AVAX-USD,10,30.14207103,1457918.285,101925.9,3072257.7175966767,2025-09-17
dydx,CROSS,AXL-USD,5,0.321183433,16251.15,468978.0,150627.964041474,2025-09-17
dydx,ISOLATED,AXS-USD,20,2.466733366,499.546,747.0,1842.6498244020001,2025-09-17
dydx,ISOLATED,B3-USD,20,0.0031048073,69808.07,3234000.0,10040.9468082,2025-09-17
dydx,ISOLATED,BABY-USD,20,0.052026013,757757.575,272600.0,14182.291143800001,2025-09-17
dydx,ISOLATED,BABYDOGE-USD,20,1.389777321e-09,0.0,2551000000000.0,3545.321945871,2025-09-17
dydx,ISOLATED,BADGER-USD,20,1.059999999,0.0,0.0,0.0,2025-09-17
dydx,ISOLATED,BANANA-USD,20,21.11386258,0.0,907.9,19169.275836382,2025-09-17
dydx,CROSS,BCH-USD,10,601.9455883,50450.558,608.11,366049.131701113,2025-09-17
dydx,ISOLATED,BCUT-USD,20,0.04690073536,0.0,0.0,0.0,2025-09-17
dydx,CROSS,BEAM-USD,5,0.00761273959,0.0,1968600.0,14986.439156874,2025-09-17
dydx,CROSS,BERA-USD,5,2.32408029,1730.064,271.9,631.917430851,2025-09-17
dydx,ISOLATED,BICO-USD,20,0.1004171897,0.0,0.0,0.0,2025-09-17
dydx,CROSS,BLAST-USD,5,0.00242145287,0.0,20068100.0,48593.958340447,2025-09-17
dydx,CROSS,BLUR-USD,5,0.0847340387,26176.108,569510.0,48256.882380037,2025-09-17
dydx,CROSS,BNB-USD,10,955.5956053,299453.866,545.57,521344.294383521,2025-09-17
dydx,ISOLATED,BODEN-USD,20,0.0020638314,0.0,0.0,0.0,2025-09-17
dydx,ISOLATED,BOME-USD,20,0.002045023575,0.0,0.0,0.0,2025-09-17
dydx,CROSS,BONK-USD,10,2.394185521e-05,90412.905,9699900000.0,232233.60135147898,2025-09-17
dydx,ISOLATED,BRETT-USD,20,0.0506637386,104477.803,922760.0,46750.471430536,2025-09-17
dydx,CROSS,BTC-USD,50,117283.95596,48278658.5864,476.0568,55833824.765658535,2025-09-17
dydx,ISOLATED,BTRUMP-USD,20,1.09441211e-06,0.0,0.0,0.0,2025-09-17
dydx,ISOLATED,CAKE-USD,20,2.621310655,35428.894,13180.0,34548.8744329,2025-09-17
dydx,ISOLATED,CETUS-USD,20,0.09053549128,0.0,105400.0,9542.440780912,2025-09-17
dydx,CROSS,CHZ-USD,5,0.0419267906,35211.978,2016880.0,84561.305425328,2025-09-17
dydx,ISOLATED,"CIG,RAYDIUM,EXRQAUXS967FDKYMNXO4EQZEQIHEUBSTBCXPXXWPUMP-USD",20,4.65475918e-05,0.0,0.0,0.0,2025-09-17
dydx,ISOLATED,CLV-USD,20,0.0197,0.0,0.0,0.0,2025-09-17
dydx,CROSS,COMP-USD,5,44.56648349,5409.687,5808.2,258851.049406618,2025-09-17
dydx,ISOLATED,COOKIE-USD,20,0.1298295055,0.0,6800.0,882.8406374,2025-09-17
dydx,ISOLATED,CORE-USD,20,0.450712856,0.0,3181.0,1433.717594936,2025-09-17
dydx,CROSS,CRO-USD,5,0.2301796312,19033.052,192900.0,44401.65085848,2025-09-17
dydx,CROSS,CRV-USD,10,0.7361342335,26143.245,431270.0,317472.610881545,2025-09-17
dydx,ISOLATED,CVX-USD,20,3.434,59193.411,4710.0,16174.140000000001,2025-09-17
dydx,ISOLATED,DAI-USD,5,1.000240781,0.0,0.0,0.0,2025-09-17
dydx,ISOLATED,DAKU-USD,20,1.5179178e-06,0.0,0.0,0.0,2025-09-17
dydx,ISOLATED,DEGEN-USD,20,0.003578,0.0,0.0,0.0,2025-09-17
dydx,ISOLATED,DINNER-USD,20,0.00339191642976,0.0,0.0,0.0,2025-09-17
dydx,ISOLATED,DMAIL-USD,20,0.122414688,0.0,0.0,0.0,2025-09-17
dydx,CROSS,DOGE-USD,10,0.2692915278,4098118.019,12338200.0,3322572.72830196,2025-09-17
dydx,CROSS,DOT-USD,10,4.231,104611.435,208026.0,880158.0059999999,2025-09-17
dydx,CROSS,DRIFT-USD,5,0.6680332386,353916.782,50440.0,33695.596554984,2025-09-17
dydx,CROSS,DYDX-USD,5,0.630327221,5981.249,1416707.0,892988.9862812471,2025-09-17
dydx,CROSS,DYM-USD,5,0.243152081,220861.562,223835.0,54425.946050635,2025-09-17
dydx,ISOLATED,EGLD-USD,20,13.97136551,4815.955,756.6,10570.735144866001,2025-09-17
dydx,CROSS,EIGEN-USD,5,1.529750512,11140.413,102355.0,156577.61365575998,2025-09-17
dydx,ISOLATED,ELX-USD,20,0.1360303126,24.717,1340.0,182.280618884,2025-09-17
dydx,CROSS,ENA-USD,5,0.68553,139933.476,1323650.0,907401.7845,2025-09-17
dydx,ISOLATED,ENJ-USD,20,0.0699208611,0.0,51860.0,3626.095856646,2025-09-17
dydx,CROSS,ENS-USD,5,23.5999078,10229.82,1695.2,40006.56370256,2025-09-17
dydx,CROSS,EOS-USD,10,0.8167633526,0.0,0.0,0.0,2025-09-17
dydx,ISOLATED,ERA-USD,5,0.724262131,0.0,80.0,57.940970480000004,2025-09-17
dydx,ISOLATED,ES-USD,5,0.1460817862,1.476,0.0,0.0,2025-09-17
dydx,CROSS,ETC-USD,10,20.5506808,56483.974,6001.7,123339.02095735999,2025-09-17
dydx,CROSS,ETH-USD,50,4549.986441,128360476.4268,12118.473,55138887.83562459,2025-09-17
dydx,CROSS,ETHFI-USD,5,1.483533879,231.816,19130.0,28380.003105270003,2025-09-17
dydx,ISOLATED,EUR-USD,20,1.184003534,0.0,5009.0,5930.673701805999,2025-09-17
dydx,ISOLATED,EURC-USD,20,1.0356,0.0,0.0,0.0,2025-09-17
dydx,ISOLATED,"FARTCOIN,RAYDIUM,9BB6NFECJBCTNNLFKO2FQVQBQ8HHM13KCYYCDQBGPUMP-USD",20,0.844703984,0.0,620.0,523.71647008,2025-09-17
dydx,CROSS,FET-USD,5,1.34838175,0.0,0.0,0.0,2025-09-17
dydx,CROSS,FIL-USD,10,2.546369025,289578.784,128355.0,326839.196203875,2025-09-17
dydx,CROSS,FLOKI-USD,5,9.79611264e-05,28319.214,603460000.0,59115.621337344,2025-09-17
dydx,ISOLATED,FLR-USD,20,0.0231731571,0.0,961500.0,22280.99055165,2025-09-17
dydx,ISOLATED,FORTH-USD,20,2.677024696,0.0,0.0,0.0,2025-09-17
dydx,ISOLATED,FOXY-USD,20,0.00472618214,0.0,0.0,0.0,2025-09-17
dydx,CROSS,FTM-USD,5,0.7723027697,0.0,0.0,0.0,2025-09-17
dydx,ISOLATED,G-USD,20,0.0112156078,0.0,2600.0,29.160580279999998,2025-09-17
dydx,ISOLATED,GALA-USD,20,0.01706169702,0.0,1003800.0,17126.531468676,2025-09-17
dydx,ISOLATED,GAS-USD,20,3.306618548,0.0,4340.0,14350.72449832,2025-09-17
dydx,ISOLATED,GHST-USD,20,0.7408518296,0.0,0.0,0.0,2025-09-17
dydx,ISOLATED,GLMR-USD,20,0.0666946632,0.0,0.0,0.0,2025-09-17
dydx,ISOLATED,GME-USD,20,0.002515523236,0.0,0.0,0.0,2025-09-17
dydx,ISOLATED,GMX-USD,20,15.31295859,0.0,64.1,981.5606456189998,2025-09-17
dydx,ISOLATED,GNO-USD,20,146.3931965,0.0,12.07,1766.9658817549998,2025-09-17
dydx,ISOLATED,GOAT-USD,20,0.0995697848,21349.816,41750.0,4157.0385154000005,2025-09-17
dydx,ISOLATED,GRASS-USD,20,0.8191851124,21411.378,11880.0,9731.919135312,2025-09-17
dydx,CROSS,GRT-USD,10,0.0945,34352.426,725120.0,68523.84,2025-09-17
dydx,ISOLATED,"HAWKTUAH,RAYDIUM,4GFE6MBDORSY5BLBIUMRGETR6PZCJYFXMDM5EHSGPUMP-USD",20,0.000182796282,0.0,0.0,0.0,2025-09-17
dydx,CROSS,HBAR-USD,5,0.2384492246,17919.822,541080.0,129020.10644656801,2025-09-17
dydx,ISOLATED,HNT-USD,20,2.641,0.0,13071.0,34520.511,2025-09-17
dydx,ISOLATED,HOLO-USD,5,0.390363884,175298.213,74510.0,29086.01299684,2025-09-17
dydx,ISOLATED,HUMA-USD,5,0.0260896496,40411.026,4000.0,104.3585984,2025-09-17
dydx,CROSS,HYPE-USD,5,55.05052526,228938.106,6224.2,342645.479323292,2025-09-17
dydx,CROSS,ICP-USD,5,4.75149708,16432.377,59114.4,280881.898985952,2025-09-17
dydx,ISOLATED,ID-USD,20,0.1607053526,0.0,40.0,6.428214103999999,2025-09-17
dydx,CROSS,IMX-USD,5,0.7254,284304.503,215598.0,156394.7892,2025-09-17
dydx,CROSS,INJ-USD,5,13.8524851,105903.01,39356.0,545178.4035956,2025-09-17
dydx,ISOLATED,IO-USD,20,0.626252552,37.62,26406.0,16536.824888111998,2025-09-17
dydx,ISOLATED,IOTX-USD,20,0.02656641865,21757.386,830500.0,22063.410688825,2025-09-17
dydx,ISOLATED,IP-USD,20,10.137422763,6523.971,6282.0,63683.289797166,2025-09-17
dydx,ISOLATED,JASMY-USD,20,0.01433765105,0.0,210900.0,3023.8106064450003,2025-09-17
dydx,CROSS,JTO-USD,5,1.825912956,5185.227,124384.0,227114.357119104,2025-09-17
dydx,CROSS,JUP-USD,5,0.5116908906,68599.224,471030.0,241021.76019931797,2025-09-17
dydx,CROSS,KAITO-USD,5,1.1341,68220.657,64560.0,73217.49600000001,2025-09-17
dydx,ISOLATED,KAS-USD,20,0.0871052712,0.0,257730.0,22449.641546376,2025-09-17
dydx,ISOLATED,KDA-USD,20,0.3868568785,0.0,200.0,77.3713757,2025-09-17
dydx,ISOLATED,KERNEL-USD,20,0.187769449,20035.338,0.0,0.0,2025-09-17
dydx,ISOLATED,KOMA-USD,20,0.023135175,0.0,0.0,0.0,2025-09-17
dydx,ISOLATED,KRL-USD,20,0.3352743121,0.0,40.0,13.410972484000002,2025-09-17
dydx,ISOLATED,KSM-USD,20,15.88453071,0.0,280.0,4447.6685988,2025-09-17
dydx,ISOLATED,LA-USD,20,0.3602282351,95.082,45970.0,16559.691967547,2025-09-17
dydx,ISOLATED,LAYER-USD,20,0.5215464405,0.0,0.0,0.0,2025-09-17
dydx,CROSS,LDO-USD,5,1.209,42006.038,364691.0,440911.41900000005,2025-09-17
dydx,ISOLATED,LINEA-USD,5,0.02532663272,86128.885,715400.0,18118.673047887998,2025-09-17
dydx,CROSS,LINK-USD,10,23.551822282,708902.791,135786.0,3198007.740383652,2025-09-17
dydx,ISOLATED,LPT-USD,20,6.84,0.0,1283.0,8775.72,2025-09-17
dydx,CROSS,LTC-USD,10,115.42,350008.985,10902.0,1258308.84,2025-09-17
dydx,ISOLATED,LUCE-USD,20,0.0081183763,0.0,0.0,0.0,2025-09-17
dydx,ISOLATED,"MAD,RAYDIUM,MADHPJRN6BD8T78RSY7NUSUNWWA2HU8BYPOBZPRHBHV-USD",20,1.17181959e-05,0.0,0.0,0.0,2025-09-17
dydx,ISOLATED,MAGIC-USD,20,0.2059029514,0.0,66750.0,13744.02200595,2025-09-17
dydx,ISOLATED,MAJOR-USD,20,0.1618109054,0.0,0.0,0.0,2025-09-17
dydx,CROSS,MANA-USD,5,0.3426867472,22499.989,583020.0,199793.227352544,2025-09-17
dydx,ISOLATED,MASK-USD,20,1.27716378,0.0,62.0,79.18415436,2025-09-17
dydx,CROSS,MATIC-USD,10,0.3932407381,0.0,0.0,0.0,2025-09-17
dydx,ISOLATED,MAVIA-USD,20,0.256523043,0.0,0.0,0.0,2025-09-17
dydx,ISOLATED,ME-USD,20,0.676358279,0.0,683.0,461.952704557,2025-09-17
dydx,ISOLATED,MELANIA-USD,20,0.1990995497,0.0,0.0,0.0,2025-09-17
dydx,ISOLATED,MEW-USD,20,0.003099110699,0.0,4374000.0,13555.510197426001,2025-09-17
dydx,ISOLATED,MICHI-USD,20,0.023005628,0.0,0.0,0.0,2025-09-17
dydx,CROSS,MKR-USD,5,1763.39,0.0,0.0,0.0,2025-09-17
dydx,ISOLATED,MNRY-USD,20,0.00176289862,0.0,0.0,0.0,2025-09-17
dydx,CROSS,MNT-USD,5,1.7074,635.409,1500.0,2561.1,2025-09-17
dydx,ISOLATED,MOCA-USD,20,0.0682395574,13.632,100.0,6.82395574,2025-09-17
dydx,ISOLATED,MOG-USD,20,9.35536672e-07,5915.84,13840000000.0,12947.82754048,2025-09-17
dydx,ISOLATED,MOODENG-USD,20,0.1816665115,1636.38,103930.0,18880.600540195,2025-09-17
dydx,CROSS,MORPHO-USD,5,2.015654426,21011.435,20568.0,41457.980233968,2025-09-17
dydx,ISOLATED,MOTHER-USD,20,0.0115072852,0.0,0.0,0.0,2025-09-17
dydx,CROSS,MOVE-USD,5,0.1270243438,507690.193,145020.0,18421.070337876,2025-09-17
dydx,ISOLATED,NC-USD,20,0.01884128871,0.0,0.0,0.0,2025-09-17
dydx,CROSS,NEAR-USD,10,2.72700862,82457.239,107617.0,293472.48665854,2025-09-17
dydx,ISOLATED,NEIRO-USD,20,0.04854256396,0.0,0.0,0.0,2025-09-17
dydx,ISOLATED,NEO-USD,20,6.63738653,0.0,1259.8,8361.779550493999,2025-09-17
dydx,ISOLATED,NEWT-USD,20,0.2522206053,0.0,14940.0,3768.1758431820003,2025-09-17
dydx,ISOLATED,NFT-USD,20,4.425858079e-07,0.0,20000000.0,8.851716158,2025-09-17
dydx,ISOLATED,NIL-USD,20,0.32059365,20777.548,4610.0,1477.9367265,2025-09-17
dydx,ISOLATED,NMR-USD,20,17.1887618,0.0,0.0,0.0,2025-09-17
dydx,ISOLATED,NOT-USD,20,0.00188094047,0.0,555200.0,1044.298148944,2025-09-17
dydx,ISOLATED,"OCEAN,UNISWAP_V3_BASE,0X1D8148823C46B9C55B678CA84BEB82BC3523ADB1-USD",20,1.3849e-06,0.0,0.0,0.0,2025-09-17
dydx,ISOLATED,OM-USD,20,0.2131228329,0.0,10210.0,2175.984123909,2025-09-17
dydx,ISOLATED,OMNI-USD,5,3.53248302,64431.411,9235.0,32622.480689699998,2025-09-17
dydx,CROSS,ONDO-USD,5,1.025112556,15594.399,182956.0,187550.492795536,2025-09-17
dydx,ISOLATED,ONT-USD,20,0.138258044,0.0,0.0,0.0,2025-09-17
dydx,CROSS,OP-USD,10,0.779078407,89881.148,574426.0,447522.89301938197,2025-09-17
dydx,ISOLATED,ORCA-USD,20,2.21222538,0.0,3575.0,7908.7057335,2025-09-17
dydx,ISOLATED,ORDER-USD,20,0.140852096,0.0,0.0,0.0,2025-09-17
dydx,CROSS,ORDI-USD,5,9.85690674,27115.408,7109.8,70080.635540052,2025-09-17
dydx,ISOLATED,OSMO-USD,5,0.1617420419,0.0,26710.0,4320.129939149,2025-09-17
dydx,ISOLATED,PAIN-USD,20,1.329747e-06,0.0,0.0,0.0,2025-09-17
dydx,CROSS,PAXG-USD,5,3684.480688,717.716,23.869,87944.869541872,2025-09-17
dydx,ISOLATED,PEAQ-USD,20,0.0962247205,25.2,100.0,9.62247205,2025-09-17
dydx,CROSS,PENDLE-USD,5,5.068355915,16575.758,17251.0,87434.20788966499,2025-09-17
dydx,CROSS,PENGU-USD,5,0.03375958645,44105.643,12653700.0,427183.679062365,2025-09-17
dydx,CROSS,PEOPLE-USD,5,0.02089044522,36.198,498000.0,10403.44171956,2025-09-17
dydx,CROSS,PEPE-USD,10,1.09511755875e-05,112376.95,84740000000.0,928002.61928475,2025-09-17
dydx,ISOLATED,PERP-USD,20,0.2613358239,13650.0,40030.0,10461.273030716999,2025-09-17
dydx,ISOLATED,PI-USD,20,0.3569019272,0.0,19420.0,6931.035426224001,2025-09-17
dydx,ISOLATED,PIRATE-USD,20,0.0322864044,0.0,0.0,0.0,2025-09-17
dydx,ISOLATED,PIXEL-USD,20,0.0330422211,0.0,0.0,0.0,2025-09-17
dydx,ISOLATED,PNUT-USD,20,0.245803193,44.64,82092.0,20178.475719756,2025-09-17
dydx,CROSS,POL-USD,5,0.257031019,25829.496,731270.0,187959.07326413,2025-09-17
dydx,CROSS,POPCAT-USD,5,0.272814534,0.0,10750.0,2932.7562405,2025-09-17
dydx,ISOLATED,"POWSCHE,RAYDIUM,8CKISHHJDHJV4LUOIRMLUHQG58CUKBYJRTCP4Z3MCXNF-USD",20,0.02033770575,0.0,0.0,0.0,2025-09-17
dydx,ISOLATED,PRIME-USD,20,2.00700175,0.0,563.0,1129.94198525,2025-09-17
dydx,ISOLATED,PROMPT-USD,5,0.170810847,0.0,1400.0,239.1351858,2025-09-17
dydx,ISOLATED,PROVE-USD,5,0.8873217858,0.0,35850.0,31810.48602093,2025-09-17
dydx,CROSS,PUMP-USD,5,0.007888983013,847033.116,45381000.0,358009.93811295304,2025-09-17
dydx,CROSS,PYTH-USD,5,0.1635563255,17127.103,2771730.0,453333.97407811496,2025-09-17
dydx,ISOLATED,QNT-USD,20,101.4,14717.55,34.7,3518.5800000000004,2025-09-17
dydx,ISOLATED,QTUM-USD,20,2.439513708,0.0,0.0,0.0,2025-09-17
dydx,ISOLATED,RAY-USD,20,3.251802722,0.0,1937.0,6298.741872514,2025-09-17
dydx,ISOLATED,REN-USD,20,0.02525494901,0.0,0.0,0.0,2025-09-17
dydx,CROSS,RENDER-USD,5,3.871734828,22406.32,39749.0,153897.587678172,2025-09-17
dydx,ISOLATED,RETARDIO-USD,20,0.0392881969,0.0,0.0,0.0,2025-09-17
dydx,ISOLATED,REZ-USD,20,0.0120876532,49627.314,3272800.0,39560.47139296,2025-09-17
dydx,CROSS,RUNE-USD,5,1.28194097,13228.449,138051.0,176973.23284947,2025-09-17
dydx,CROSS,S-USD,5,0.302511888,501.334,93700.0,28345.3639056,2025-09-17
dydx,ISOLATED,SAFE-USD,20,0.425410552,27301.431,143642.0,61106.822510384,2025-09-17
dydx,ISOLATED,SAGA-USD,20,0.257942825,0.0,0.0,0.0,2025-09-17
dydx,ISOLATED,SATS-USD,20,4.07311691e-08,0.0,250000000.0,10.182792275,2025-09-17
dydx,ISOLATED,SCRT-USD,20,0.2287813655,0.0,0.0,0.0,2025-09-17
dydx,ISOLATED,SDM-USD,20,0.00263987201,0.0,0.0,0.0,2025-09-17
dydx,CROSS,SEI-USD,5,0.3162235002,169570.774,2980720.0,942573.711516144,2025-09-17
dydx,CROSS,SHIB-USD,10,1.314348752e-05,90085.681,33369000000.0,438585.03505487996,2025-09-17
dydx,ISOLATED,SIGN-USD,20,0.07644973319,0.0,100.0,7.644973318999999,2025-09-17
dydx,ISOLATED,SKITTEN-USD,20,0.018995336972,0.0,0.0,0.0,2025-09-17
dydx,ISOLATED,SKL-USD,20,0.0275799252,10609.28,953000.0,26283.6687156,2025-09-17
dydx,ISOLATED,SKY-USD,5,0.07717777399,50551.624,721200.0,55660.610601588,2025-09-17
dydx,CROSS,SNX-USD,5,0.677943971,79104.826,273367.0,185327.509520357,2025-09-17
dydx,CROSS,SOL-USD,20,237.54889796,16600276.064,57331.1,13618939.623834556,2025-09-17
dydx,ISOLATED,SOPH-USD,20,0.0316564528,0.0,15400.0,487.50937311999996,2025-09-17
dydx,CROSS,SPX-USD,5,1.3227317596,24708.494,205310.0,271570.057563476,2025-09-17
dydx,ISOLATED,SSV-USD,20,9.30062983,0.0,250.0,2325.1574575,2025-09-17
dydx,ISOLATED,STEEM-USD,20,0.133607986,0.0,0.0,0.0,2025-09-17
dydx,CROSS,STRK-USD,5,0.134945606,28333.642,1664579.0,224627.621889874,2025-09-17
dydx,CROSS,STX-USD,10,0.6544,5687.235,578739.0,378726.8016,2025-09-17
dydx,CROSS,SUI-USD,10,3.6206305147,651636.197,404900.0,1465993.29540203,2025-09-17
dydx,ISOLATED,SUNDOG-USD,20,0.0354531128,0.0,0.0,0.0,2025-09-17
dydx,ISOLATED,SUSHI-USD,20,0.7867999999,22077.56,2710.0,2132.227999729,2025-09-17
dydx,CROSS,SYRUP-USD,5,0.4459461299,952.16,28240.0,12593.518708376,2025-09-17
dydx,ISOLATED,TAIKO-USD,20,0.4042197,0.0,150000.0,60632.955,2025-09-17
dydx,CROSS,TAO-USD,5,346.3765882,2707.334,100.1,34672.29647882,2025-09-17
dydx,ISOLATED,THE-USD,20,0.444536627,0.0,0.0,0.0,2025-09-17
dydx,ISOLATED,THETA-USD,20,0.818315985,0.0,21646.0,17713.26781131,2025-09-17
dydx,CROSS,TIA-USD,10,1.71804848,367244.802,303274.2,521039.77833321603,2025-09-17
dydx,ISOLATED,TIBBIR-USD,20,1.4820371e-06,0.0,0.0,0.0,2025-09-17
dydx,ISOLATED,TLOS-USD,20,0.0564628186,0.0,0.0,0.0,2025-09-17
dydx,CROSS,TON-USD,5,3.14244486,242598.262,154083.0,484197.33136337996,2025-09-17
dydx,ISOLATED,TRB-USD,20,35.7246321,0.0,3.1,110.74635951,2025-09-17
dydx,ISOLATED,TREMP-USD,20,0.0522455407,0.0,0.0,0.0,2025-09-17
dydx,ISOLATED,TROY-USD,20,9.6168084e-05,0.0,0.0,0.0,2025-09-17
dydx,CROSS,TRUMP-USD,5,8.60009492,0.0,2755.2,23694.981523584,2025-09-17
dydx,ISOLATED,TRUMPWIN-USD,20,1.0,0.0,0.0,0.0,2025-09-17
dydx,CROSS,TRX-USD,10,0.34227113556,62298.808,1080300.0,369755.507745468,2025-09-17
dydx,ISOLATED,TRY-USD,100,0.02422300242,0.0,518500.0,12559.62675477,2025-09-17
dydx,ISOLATED,TSLAX-USD,5,423.1739043,0.0,0.98,414.710426214,2025-09-17
dydx,ISOLATED,TURBO-USD,20,0.00413936856,0.0,0.0,0.0,2025-09-17
dydx,ISOLATED,UMA-USD,20,1.33440014,1315.0,10787.0,14394.17431018,2025-09-17
dydx,CROSS,UNI-USD,10,9.353,101370.814,55034.0,514733.002,2025-09-17
dydx,ISOLATED,USDE-USD,20,1.0006249255,0.0,24090.0,24105.054455294998,2025-09-17
dydx,ISOLATED,USELESS-USD,5,0.2299433819,22132.518,713990.0,164177.275242781,2025-09-17
dydx,CROSS,USUAL-USD,5,0.066064434,18337.205,1675066.0,110662.287202644,2025-09-17
dydx,ISOLATED,VET-USD,20,0.024568,0.0,993200.0,24400.9376,2025-09-17
dydx,ISOLATED,VINE-USD,20,0.0719281482,33736.664,144890.0,10421.669392698,2025-09-17
dydx,ISOLATED,VIRTUAL-USD,20,1.248796345,1504.87,15920.0,19880.837812399997,2025-09-17
dydx,ISOLATED,VOXEL-USD,20,0.063816588,0.0,0.0,0.0,2025-09-17
dydx,ISOLATED,VRTX-USD,20,0.0646862886,0.0,0.0,0.0,2025-09-17
dydx,ISOLATED,VVV-USD,20,2.600780468,0.0,165.0,429.12877722,2025-09-17
dydx,CROSS,W-USD,5,0.0896548274,49603.098,912930.0,81848.581578282,2025-09-17
dydx,ISOLATED,WBTC-USD,20,101929.20057,0.0,0.0,0.0,2025-09-17
dydx,ISOLATED,WCT-USD,20,0.310113856,0.0,45070.0,13976.831489920001,2025-09-17
dydx,CROSS,WIF-USD,10,0.935192616,69672.752,185698.0,173663.398405968,2025-09-17
dydx,CROSS,WLD-USD,10,1.509433696,405329.372,319804.0,482722.93371558405,2025-09-17
dydx,CROSS,WLFI-USD,5,0.2208816959,23196.332,566110.0,125043.33686594901,2025-09-17
dydx,CROSS,WOO-USD,10,0.0689958592,1326.241,632840.0,43663.339536128,2025-09-17
dydx,ISOLATED,WSTETH-USD,20,5517.536167,0.0,0.0,0.0,2025-09-17
dydx,ISOLATED,XAI-USD,20,0.050821336,20677.056,508940.0,25865.01074384,2025-09-17
dydx,CROSS,XLM-USD,10,0.38764232,363121.962,1441480.0,558778.6514336,2025-09-17
dydx,CROSS,XMR-USD,5,312.9900021,75843.397,1082.95,338952.52277419507,2025-09-17
dydx,CROSS,XRP-USD,10,3.0334749949,25813168.98,4015310.0,12180342.48177192,2025-09-17
dydx,ISOLATED,XTZ-USD,20,0.7744040392,1933.75,62110.0,48098.234874712,2025-09-17
dydx,ISOLATED,XYO-USD,20,0.0108939204,0.0,49000.0,533.8020996,2025-09-17
dydx,ISOLATED,YFI-USD,20,5456.34522,0.0,0.004,21.82538088,2025-09-17
dydx,ISOLATED,ZBCN-USD,20,0.0010295940811,0.0,0.0,0.0,2025-09-17
dydx,ISOLATED,ZEC-USD,20,51.79470792,33022.113,178.1,9224.637480551999,2025-09-17
dydx,CROSS,ZEN-USD,5,7.336668334,0.0,79.0,579.5967983859999,2025-09-17
dydx,ISOLATED,ZEREBRO-USD,20,0.0207205621,0.0,0.0,0.0,2025-09-17
dydx,ISOLATED,ZERO-USD,20,0.0001357133475,0.0,0.0,0.0,2025-09-17
dydx,ISOLATED,ZETA-USD,20,0.1877941056,0.0,31800.0,5971.852558080001,2025-09-17
dydx,CROSS,ZK-USD,5,0.058068548,258.783,1998100.0,116026.7657588,2025-09-17
dydx,CROSS,ZORA-USD,5,0.07779,65038.347,622200.0,48400.938,2025-09-17
dydx,CROSS,ZRO-USD,5,1.934267133,1610.164,28867.0,55836.489328311,2025-09-17
dydx,ISOLATED,ZRX-USD,20,0.266760056,0.0,290.0,77.36041624,2025-09-17
hyperliquid,CROSS,AAVE-USD,10,298.6,14214935.403499993,192347.94,57435094.884,2025-09-17
hyperliquid,CROSS,ACE-USD,3,0.6124,409411.2782709999,343125.18,210129.860232,2025-09-17
hyperliquid,CROSS,ADA-USD,10,0.88385,10908899.339399999,38333952.0,33881463.4752,2025-09-17
hyperliquid,CROSS,AI-USD,3,0.1257,0.0,0.0,0.0,2025-09-17
hyperliquid,CROSS,AI16Z-USD,5,0.11409,1913035.5740419999,32128388.4,3665527.8325559995,2025-09-17
hyperliquid,CROSS,AIXBT-USD,5,0.11469,390713.01107,14018942.0,1607832.45798,2025-09-17
hyperliquid,CROSS,ALGO-USD,5,0.23778,264770.61625,10912568.0,2594790.41904,2025-09-17
hyperliquid,CROSS,ALT-USD,5,0.03422,116480.753072,33467296.0,1145250.86912,2025-09-17
hyperliquid,CROSS,ANIME-USD,3,0.015788,187913.5145459999,104473008.0,1649419.850304,2025-09-17
hyperliquid,CROSS,APE-USD,5,0.5833,491928.5833900001,1755481.2,1023972.18396,2025-09-17
hyperliquid,CROSS,APT-USD,10,4.4495,2168637.143721,3601363.66,16024267.605169998,2025-09-17
hyperliquid,CROSS,AR-USD,5,6.9365,216912.515389,361228.32,2505660.24168,2025-09-17
hyperliquid,CROSS,ARB-USD,10,0.49715,6477406.523709001,48076590.6,23901277.01679,2025-09-17
hyperliquid,CROSS,ARK-USD,3,0.4573,77132.30497,1121962.0,513073.2226,2025-09-17
hyperliquid,CROSS,ATOM-USD,5,4.5395,1008263.2120500001,1395462.56,6334702.291120001,2025-09-17
hyperliquid,CROSS,AVAX-USD,10,30.12,53353673.54945998,3339475.02,100584987.6024,2025-09-17
hyperliquid,CROSS,BABY-USD,5,0.051925,1228210.8005769998,19427758.0,1008786.33415,2025-09-17
hyperliquid,CROSS,BADGER-USD,5,0.88959,0.0,0.0,0.0,2025-09-17
hyperliquid,CROSS,BANANA-USD,3,21.12,471344.9233,46031.6,972187.392,2025-09-17
hyperliquid,CROSS,BCH-USD,10,601.2,1285395.9358099995,14959.034,8993371.2408,2025-09-17
hyperliquid,CROSS,BERA-USD,5,2.322,1266140.7169400002,9815943.6,22792621.0392,2025-09-17
hyperliquid,CROSS,BIGTIME-USD,5,0.05303,198366.567905,55193546.0,2926913.74438,2025-09-17
hyperliquid,CROSS,BIO-USD,5,0.1624,4208183.136929998,45828578.0,7442561.0671999995,2025-09-17
hyperliquid,CROSS,BLAST-USD,3,0.002422,130294.838026,761144270.0,1843491.42194,2025-09-17
hyperliquid,CROSS,BLUR-USD,5,0.08451,455105.272088,31304230.0,2645520.4773,2025-09-17
hyperliquid,CROSS,BLZ-USD,5,0.070028,0.0,0.0,0.0,2025-09-17
hyperliquid,CROSS,BNB-USD,10,954.45,39868211.11580999,73681.89,70325679.9105,2025-09-17
hyperliquid,CROSS,BNT-USD,3,0.38349,0.0,0.0,0.0,2025-09-17
hyperliquid,CROSS,BOME-USD,3,0.002043,134445.444408,224927374.0,459526.62508200004,2025-09-17
hyperliquid,CROSS,BRETT-USD,5,0.050567,1679457.2538199995,75765706.0,3831244.455302,2025-09-17
hyperliquid,CROSS,BSV-USD,3,26.025,54135.1674,22166.54,576884.2035,2025-09-17
hyperliquid,CROSS,BTC-USD,40,117203.0,2879806889.1851006,33184.03254,3889268165.78562,2025-09-17
hyperliquid,CROSS,CAKE-USD,3,2.6205,923894.4455500004,839768.4,2200613.0922,2025-09-17
hyperliquid,CROSS,CANTO-USD,5,0.06598,0.0,0.0,0.0,2025-09-17
hyperliquid,CROSS,CATI-USD,3,0.08275,0.0,0.0,0.0,2025-09-17
hyperliquid,CROSS,CELO-USD,3,0.30525,47063.73395,449156.0,137104.869,2025-09-17
hyperliquid,CROSS,CFX-USD,5,0.17976,525194.86294,8063246.0,1449449.10096,2025-09-17
hyperliquid,CROSS,CHILLGUY-USD,3,0.047665,416139.9229060001,115419926.0,5501490.77279,2025-09-17
hyperliquid,CROSS,COMP-USD,5,44.53,89590.02116,23103.22,1028786.3866000001,2025-09-17
hyperliquid,CROSS,CRV-USD,10,0.73545,9565920.518777998,50817553.6,37373769.79512,2025-09-17
hyperliquid,CROSS,CYBER-USD,3,1.043,0.0,0.0,0.0,2025-09-17
hyperliquid,CROSS,DOGE-USD,10,0.26914,223966439.55698013,1183344468.0,318485330.11752,2025-09-17
hyperliquid,CROSS,DOOD-USD,3,0.004295,755645.0102619998,138330780.0,594130.7001,2025-09-17
hyperliquid,CROSS,DOT-USD,10,4.227,4971351.609729999,2343519.4,9906056.503800001,2025-09-17
hyperliquid,CROSS,DYDX-USD,5,0.6293,204154.0373960001,2454153.1999999997,1544398.6087599997,2025-09-17
hyperliquid,CROSS,DYM-USD,3,0.243,487551.8365269999,3383456.8,822180.0023999999,2025-09-17
hyperliquid,CROSS,EIGEN-USD,5,1.5295,6947665.718426001,9235210.66,14125254.704470001,2025-09-17
hyperliquid,CROSS,ENA-USD,10,0.6848,125573300.03480999,568942718.0,389611973.28639996,2025-09-17
hyperliquid,CROSS,ENS-USD,5,23.584,453861.8356800002,513875.74,12119245.452159999,2025-09-17
hyperliquid,CROSS,ETC-USD,5,20.537,794926.9367599995,129235.02,2654099.60574,2025-09-17
hyperliquid,CROSS,ETH-USD,25,4546.0,2866880269.5120416,767959.1793999999,3491142429.5523996,2025-09-17
hyperliquid,CROSS,ETHFI-USD,5,1.4819,3114135.1439099987,8088428.4,11986242.04596,2025-09-17
hyperliquid,CROSS,FARTCOIN-USD,10,0.84367,55724001.59356099,341463920.8,288082866.06133604,2025-09-17
hyperliquid,CROSS,FET-USD,5,0.63985,382819.6467600001,4994816.0,3195933.0176000004,2025-09-17
hyperliquid,CROSS,FIL-USD,5,2.5445,691518.0170100001,944184.0,2402476.188,2025-09-17
hyperliquid,CROSS,FRIEND-USD,3,0.47734,0.0,0.0,0.0,2025-09-17
hyperliquid,CROSS,FTM-USD,10,0.712,0.0,0.0,0.0,2025-09-17
hyperliquid,CROSS,FTT-USD,3,0.8041,93012.656527,288815.0,232236.1415,2025-09-17
hyperliquid,CROSS,FXS-USD,5,2.6703,794910.7459299997,1145360.2,3058455.34206,2025-09-17
hyperliquid,CROSS,GALA-USD,3,0.017045,215200.2797789999,38660044.0,658960.44998,2025-09-17
hyperliquid,CROSS,GAS-USD,3,3.305,50404.13561,115266.4,380955.452,2025-09-17
hyperliquid,CROSS,GMT-USD,5,0.04193,58240.206934,4846390.0,203209.13270000002,2025-09-17
hyperliquid,CROSS,GMX-USD,5,15.29,243664.2195800001,94325.96,1442243.9284,2025-09-17
hyperliquid,CROSS,GOAT-USD,5,0.099493,797334.7113929999,23606492.0,2348680.708556,2025-09-17
hyperliquid,CROSS,GRASS-USD,5,0.81785,2608714.7679440007,6081474.8,4973734.16518,2025-09-17
hyperliquid,CROSS,GRIFFAIN-USD,5,0.040263,790487.968352,93068388.0,3747212.506044,2025-09-17
hyperliquid,CROSS,HBAR-USD,5,0.23824,698456.9051,72076258.0,17171447.70592,2025-09-17
hyperliquid,CROSS,HMSTR-USD,3,0.000741,95213.042297,91606640.0,67880.52024,2025-09-17
hyperliquid,CROSS,HPOS-USD,3,0.042203,0.0,0.0,0.0,2025-09-17
hyperliquid,CROSS,HYPE-USD,10,55.068,556981896.81943,25492987.46,1403847833.44728,2025-09-17
hyperliquid,CROSS,HYPER-USD,3,0.3066,279091.4049799999,5510604.0,1689551.1864,2025-09-17
hyperliquid,CROSS,ILV-USD,3,12.14,0.0,0.0,0.0,2025-09-17
hyperliquid,CROSS,IMX-USD,5,0.72535,1879781.0868370007,2744123.8,1990450.19833,2025-09-17
hyperliquid,CROSS,INIT-USD,3,0.36365,312328.1787500001,11722494.0,4262884.9431,2025-09-17
hyperliquid,CROSS,INJ-USD,10,13.84,1467985.4468999996,586764.4,8120819.296,2025-09-17
hyperliquid,CROSS,IO-USD,5,0.626,227044.466978,6514011.4,4077771.1364,2025-09-17
hyperliquid,CROSS,IOTA-USD,3,0.18805,70440.50751,2381820.0,447901.251,2025-09-17
hyperliquid,CROSS,IP-USD,3,10.13,6561631.9723499995,4924096.0,49881092.480000004,2025-09-17
hyperliquid,CROSS,JELLY-USD,3,0.03719,0.0,0.0,0.0,2025-09-17
hyperliquid,CROSS,JTO-USD,5,1.8235,1861997.6044000005,3899384.0,7110526.723999999,2025-09-17
hyperliquid,CROSS,JUP-USD,10,0.51125,3672635.891079999,31005974.0,15851804.2075,2025-09-17
hyperliquid,CROSS,KAITO-USD,5,1.1322,4765247.516200001,5323820.0,6027629.004000001,2025-09-17
hyperliquid,CROSS,KAS-USD,3,0.08701,405258.4021740002,19309244.0,1680097.3204400002,2025-09-17
hyperliquid,CROSS,KBONK-USD,10,0.023922,24858243.34610801,2448945438.0,58583672.767836,2025-09-17
hyperliquid,CROSS,KDOGS-USD,3,0.13675,0.0,0.0,0.0,2025-09-17
hyperliquid,CROSS,KFLOKI-USD,5,0.097915,331848.957706,23386374.0,2289876.8102100003,2025-09-17
hyperliquid,CROSS,KLUNC-USD,3,0.060173,53477.690972,5572856.0,335335.464088,2025-09-17
hyperliquid,CROSS,KNEIRO-USD,5,0.36165,240258.271874,3321601.0,1201257.00165,2025-09-17
hyperliquid,CROSS,KPEPE-USD,10,0.010948,37560313.000376984,12993513168.0,142252982.163264,2025-09-17
hyperliquid,CROSS,KSHIB-USD,10,0.013134,2618228.5921700015,555864526.0,7300724.684484,2025-09-17
hyperliquid,CROSS,LAUNCHCOIN-USD,3,0.08499,5455197.312122001,456631020.0,38809070.3898,2025-09-17
hyperliquid,CROSS,LAYER-USD,3,0.52125,93525.49622,1454850.0,758340.5625,2025-09-17
hyperliquid,CROSS,LDO-USD,10,1.2092,5543851.26023,25227215.6,30504749.103520002,2025-09-17
hyperliquid,CROSS,LINEA-USD,3,0.025305,15611577.300407,681951276.0,17256777.03918,2025-09-17
hyperliquid,CROSS,LINK-USD,10,23.532,15235206.694100006,4535775.8,106735876.1256,2025-09-17
hyperliquid,CROSS,LISTA-USD,3,0.1247,0.0,0.0,0.0,2025-09-17
hyperliquid,CROSS,LOOM-USD,10,0.071385,0.0,0.0,0.0,2025-09-17
hyperliquid,CROSS,LTC-USD,10,115.32,22131003.947,534839.22,61677658.85039999,2025-09-17
hyperliquid,CROSS,MANTA-USD,3,0.21628,122107.124724,1280539.6,276955.104688,2025-09-17
hyperliquid,CROSS,MATIC-USD,20,0.3754,0.0,0.0,0.0,2025-09-17
hyperliquid,CROSS,MAV-USD,3,0.07066,126175.875563,4264744.0,301346.81104,2025-09-17
hyperliquid,CROSS,MAVIA-USD,3,0.16265,358172.6530770001,9214109.0,1498674.82885,2025-09-17
hyperliquid,CROSS,ME-USD,5,0.6751,320029.710412,6137164.0,4143199.4164,2025-09-17
hyperliquid,CROSS,MELANIA-USD,5,0.19813,514973.6069850001,23649331.6,4685642.0699080005,2025-09-17
hyperliquid,CROSS,MEME-USD,5,0.002645,752619.5668799998,426004042.0,1126780.69109,2025-09-17
hyperliquid,CROSS,MERL-USD,3,0.17823,11775566.976590004,16879980.0,3008518.8354,2025-09-17
hyperliquid,CROSS,MEW-USD,5,0.003098,88897.880703,127458752.0,394867.213696,2025-09-17
hyperliquid,CROSS,MINA-USD,3,0.18295,50808.98842,2977624.0,544756.3108,2025-09-17
hyperliquid,CROSS,MKR-USD,10,1828.8,0.0,0.0,0.0,2025-09-17
hyperliquid,CROSS,MNT-USD,5,1.7118,14022846.256089998,20383467.2,34892419.152959995,2025-09-17
hyperliquid,CROSS,MOODENG-USD,5,0.18141,5050027.87838,30029310.0,5447617.127099999,2025-09-17
hyperliquid,CROSS,MORPHO-USD,5,2.0141,1505948.4334200001,4275575.8,8611437.21878,2025-09-17
hyperliquid,CROSS,MOVE-USD,5,0.12682,3908979.6464999993,26505808.0,3361466.57056,2025-09-17
hyperliquid,CROSS,MYRO-USD,3,0.015815,0.0,0.0,0.0,2025-09-17
hyperliquid,CROSS,NEAR-USD,10,2.7255,11494997.75246,7104896.6,19364395.683299996,2025-09-17
hyperliquid,CROSS,NEIROETH-USD,5,0.048495,384038.8584070002,34358732.0,1666226.7083400001,2025-09-17
hyperliquid,CROSS,NEO-USD,5,6.632,190972.991999,78570.78,521081.41296,2025-09-17
hyperliquid,CROSS,NFTI-USD,3,2518.4,0.0,0.0,0.0,2025-09-17
hyperliquid,CROSS,NIL-USD,3,0.3201,190717.82538,8261108.0,2644380.6708,2025-09-17
hyperliquid,CROSS,NOT-USD,3,0.001879,523238.0965300003,754528922.0,1417759.8444380001,2025-09-17
hyperliquid,CROSS,NTRN-USD,3,0.12385,0.0,0.0,0.0,2025-09-17
hyperliquid,CROSS,NXPC-USD,5,0.67582,155342.03648,2901440.0,1960851.1808,2025-09-17
hyperliquid,CROSS,OGN-USD,3,0.0558,0.0,0.0,0.0,2025-09-17
hyperliquid,CROSS,OM-USD,5,0.21285,469412.2002259999,17098714.2,3639461.31747,2025-09-17
hyperliquid,CROSS,OMNI-USD,3,3.53,802478.282176,552592.64,1950652.0192,2025-09-17
hyperliquid,CROSS,ONDO-USD,10,1.0242,4597971.1780999955,27903536.0,28578801.5712,2025-09-17
hyperliquid,CROSS,OP-USD,10,0.77815,2207662.217978,7523770.0,5854621.6255,2025-09-17
hyperliquid,CROSS,ORBS-USD,3,0.019393,0.0,0.0,0.0,2025-09-17
hyperliquid,CROSS,ORDI-USD,5,9.8445,435390.8689920003,121733.36,1198404.06252,2025-09-17
hyperliquid,CROSS,OX-USD,3,0.004982,0.0,0.0,0.0,2025-09-17
hyperliquid,CROSS,PANDORA-USD,3,1706.6,0.0,0.0,0.0,2025-09-17
hyperliquid,CROSS,PAXG-USD,5,3682.5,5533099.733799998,8598.226,31662967.245,2025-09-17
hyperliquid,CROSS,PENDLE-USD,5,5.0643,4089121.5634000013,4753904.0,24075196.027200002,2025-09-17
hyperliquid,CROSS,PENGU-USD,5,0.033738,20313140.982160997,1752922076.0,59140085.00008799,2025-09-17
hyperliquid,CROSS,PEOPLE-USD,3,0.020875,82553.511691,32191530.0,671998.1887500001,2025-09-17
hyperliquid,CROSS,PIXEL-USD,3,0.024025,0.0,0.0,0.0,2025-09-17
hyperliquid,CROSS,PNUT-USD,5,0.2455,1465255.1809420004,10687987.6,2623900.9557999996,2025-09-17
hyperliquid,CROSS,POL-USD,5,0.2568,1044377.1562099997,16823076.0,4320165.9168,2025-09-17
hyperliquid,CROSS,POLYX-USD,3,0.1352,211722.2866999999,4009324.0,542060.6048,2025-09-17
hyperliquid,CROSS,POPCAT-USD,10,0.2726,2716829.4230799996,59383162.0,16187849.9612,2025-09-17
hyperliquid,CROSS,PROMPT-USD,5,0.17066,407595.7779999999,26065042.0,4448260.06772,2025-09-17
hyperliquid,CROSS,PROVE-USD,3,0.8863,605043.58276,1875384.0,1662152.8392,2025-09-17
hyperliquid,CROSS,PUMP-USD,5,0.007891,284262207.62249684,80982674020.0,639034280.69182,2025-09-17
hyperliquid,CROSS,PURR-USD,3,0.19938,2548249.80214,103499546.0,20635739.48148,2025-09-17
hyperliquid,CROSS,PYTH-USD,5,0.16339,953272.0367300002,28924724.0,4726010.65436,2025-09-17
hyperliquid,CROSS,RDNT-USD,5,0.018338,0.0,0.0,0.0,2025-09-17
hyperliquid,CROSS,RENDER-USD,5,3.867,896618.5693600001,1019009.6,3940510.1232,2025-09-17
hyperliquid,CROSS,REQ-USD,3,0.15423,0.0,0.0,0.0,2025-09-17
hyperliquid,CROSS,RESOLV-USD,3,0.14845,292824.96178,25190516.0,3739532.1001999998,2025-09-17
hyperliquid,CROSS,REZ-USD,3,0.01207,230053.767696,36765878.0,443764.14746,2025-09-17
hyperliquid,CROSS,RLB-USD,3,0.071068,0.0,0.0,0.0,2025-09-17
hyperliquid,CROSS,RNDR-USD,20,7.03,0.0,0.0,0.0,2025-09-17
hyperliquid,CROSS,RSR-USD,3,0.007439,94820.211124,114560018.0,852211.973902,2025-09-17
hyperliquid,CROSS,RUNE-USD,5,1.2811,108118.6132100001,1259747.8,1613862.90658,2025-09-17
hyperliquid,CROSS,S-USD,5,0.3022,937845.6583200004,38707072.0,11697277.158400001,2025-09-17
hyperliquid,CROSS,SAGA-USD,5,0.2577,253651.1867049999,7325047.8,1887664.8180599997,2025-09-17
hyperliquid,CROSS,SAND-USD,5,0.30145,109860.5148100001,3144108.0,947791.3565999999,2025-09-17
hyperliquid,CROSS,SCR-USD,5,0.32375,78280.809821,1198641.6,388060.218,2025-09-17
hyperliquid,CROSS,SEI-USD,10,0.316,5297834.790009999,51135804.0,16158914.064,2025-09-17
hyperliquid,CROSS,SHIA-USD,3,0.000209,0.0,0.0,0.0,2025-09-17
hyperliquid,CROSS,SKY-USD,3,0.077131,979591.9808189999,18169444.0,1401427.385164,2025-09-17
hyperliquid,CROSS,SNX-USD,3,0.677,53260.830846,334085.0,226175.545,2025-09-17
hyperliquid,CROSS,SOL-USD,20,237.42,1077264086.1941006,6737066.479999999,1599514323.6815996,2025-09-17
hyperliquid,CROSS,SOPH-USD,5,0.03163,404761.3050519999,40036560.0,1266356.3928,2025-09-17
hyperliquid,CROSS,SPX-USD,5,1.321,5912796.231990003,9408094.0,12428092.173999999,2025-09-17
hyperliquid,CROSS,STG-USD,3,0.15385,0.0,0.0,0.0,2025-09-17
hyperliquid,CROSS,STRAX-USD,10,0.0416,0.0,0.0,0.0,2025-09-17
hyperliquid,CROSS,STRK-USD,5,0.1348,521362.127105,38708216.8,5217867.62464,2025-09-17
hyperliquid,CROSS,STX-USD,5,0.654,472882.243798,5108258.4,3340800.9936,2025-09-17
hyperliquid,CROSS,SUI-USD,10,3.6184,50053318.58388998,27197026.599999998,98409721.04943998,2025-09-17
hyperliquid,CROSS,SUPER-USD,3,0.5932,99675.52237,3041998.0,1804513.2136,2025-09-17
hyperliquid,CROSS,SUSHI-USD,5,0.7861,373132.4704170001,843924.4,663408.9708400001,2025-09-17
hyperliquid,CROSS,SYRUP-USD,3,0.4456,1116591.4474099996,10017382.0,4463745.4192,2025-09-17
hyperliquid,CROSS,TAO-USD,5,346.1,2134611.8922900003,82950.17,28709053.837,2025-09-17
hyperliquid,CROSS,TIA-USD,10,1.7175,2913916.8989899983,8163784.6,14021300.0505,2025-09-17
hyperliquid,CROSS,TNSR-USD,3,0.12015,87862.118106,4157429.4,499515.14241000003,2025-09-17
hyperliquid,CROSS,TON-USD,10,3.1415,2569182.0378999994,9467904.200000001,29743421.044300005,2025-09-17
hyperliquid,CROSS,TRB-USD,3,35.69,278958.1325399998,17385.14,620475.6466,2025-09-17
hyperliquid,CROSS,TRUMP-USD,10,8.5915,2669766.657650001,3188798.4,27396561.4536,2025-09-17
hyperliquid,CROSS,TRX-USD,10,0.34195,4589410.25465,62002652.0,21201806.8514,2025-09-17
hyperliquid,CROSS,TST-USD,3,0.05491,23669046.986939996,42308688.0,2323170.05808,2025-09-17
hyperliquid,CROSS,TURBO-USD,5,0.004136,270578.537708,380145262.0,1572280.803632,2025-09-17
hyperliquid,CROSS,UMA-USD,3,1.3322,91311.85277,382641.0,509754.34020000004,2025-09-17
hyperliquid,CROSS,UNI-USD,10,9.3435,8646081.211880002,3426354.5999999996,32014144.2051,2025-09-17
hyperliquid,CROSS,UNIBOT-USD,3,6.053,0.0,0.0,0.0,2025-09-17
hyperliquid,CROSS,USTC-USD,3,0.012965,222707.3336570001,73216482.0,949251.6891300001,2025-09-17
hyperliquid,CROSS,USUAL-USD,5,0.066,265005.0794640001,19161390.2,1264651.7532,2025-09-17
hyperliquid,CROSS,VINE-USD,5,0.071763,1505670.9366119993,69474514.0,4985699.5481819995,2025-09-17
hyperliquid,CROSS,VIRTUAL-USD,5,1.248,2100788.763320001,10545294.600000001,13160527.660800003,2025-09-17
hyperliquid,CROSS,VVV-USD,3,2.5987,101251.905642,1257005.38,3266579.8810059996,2025-09-17
hyperliquid,CROSS,W-USD,5,0.08965,564354.4733410001,47655373.2,4272304.20738,2025-09-17
hyperliquid,CROSS,WCT-USD,3,0.30985,888789.58158,2755652.0,853838.7722,2025-09-17
hyperliquid,CROSS,WIF-USD,10,0.9345,18226250.950389992,25061616.0,23420080.152,2025-09-17
hyperliquid,CROSS,WLD-USD,10,1.5087,22573596.625510007,45489004.8,68629261.54176,2025-09-17
hyperliquid,CROSS,WLFI-USD,5,0.22085,25711653.756279998,410634228.0,90688569.25379999,2025-09-17
hyperliquid,CROSS,XAI-USD,3,0.0508,152789.494952,18934095.0,961852.026,2025-09-17
hyperliquid,CROSS,XLM-USD,5,0.38743,1812730.43915,15556034.0,6026874.25262,2025-09-17
hyperliquid,CROSS,XPL-USD,3,0.74013,19376806.83480001,159085536.0,117743977.75967999,2025-09-17
hyperliquid,CROSS,XRP-USD,20,3.0327,87686253.2737,82947116.0,251553718.69320002,2025-09-17
hyperliquid,CROSS,YGG-USD,3,0.1899,778390.9420499997,2852346.0,541660.5054,2025-09-17
hyperliquid,CROSS,YZY-USD,3,0.45355,913340.3810699997,5847184.0,2651990.3032,2025-09-17
hyperliquid,CROSS,ZEN-USD,5,7.3215,122663.774343,42661.38,312345.29367,2025-09-17
hyperliquid,CROSS,ZEREBRO-USD,5,0.020705,1049356.31062,59893418.0,1240093.2196900002,2025-09-17
hyperliquid,CROSS,ZETA-USD,3,0.18755,63880.267783,4105419.2,769971.37096,2025-09-17
hyperliquid,CROSS,ZK-USD,5,0.05798,312579.188122,64921182.0,3764130.1323599997,2025-09-17
hyperliquid,CROSS,ZORA-USD,3,0.077682,11592862.920218004,299839480.0,23292130.48536,2025-09-17
hyperliquid,CROSS,ZRO-USD,5,1.9315,905780.5693399998,3489308.0,6739598.402,2025-09-17
